"k","SiftingTime","ComputationTime"
2,5.654,54.386
3,38.7799999999997,3983.19
4,437.245999999989,226776.084
