"k","SiftingTime","ComputationTime"
2,8.048,7.692
3,14.739,176.181
4,8.99899999999977,3613.981
5,10.5109999999954,58645.339
