"k","SiftingTime","ComputationTime"
2,17.038,9.022
3,30.915,203.955
4,88.0959999999998,4149.974
5,38.6210000000056,68162.119
