"k","SiftingTime","ComputationTime"
2,2.023,1.327
3,6.329,6.491
4,7.68899999999999,40.281
5,95.0790000000001,219.771
