"k","SiftingTime","ComputationTime"
2,8.402,7.048
3,19.3,163.79
4,32.8229999999999,3303.147
5,38.483999999999,54508.426
