"k","SiftingTime","ComputationTime"
2,8.499,6.731
3,15.121,151.679
4,9.19200000000026,3104.208
5,10.7029999999995,50826.907
