"k","SiftingTime","ComputationTime"
2,28.831,10.789
3,164.339,302.541
4,200.546000000001,7147.474
5,364.384000000011,134895.526
