"k","SiftingTime","ComputationTime"
2,4.655,41.675
3,25.8099999999999,2949.04
4,727.05900000001,166485.291
