"k","SiftingTime","ComputationTime"
2,3.298,6.962
3,8.807,177.823
4,35.6369999999998,3905.863
5,56.6099999999951,67243.34
