"k","SiftingTime","ComputationTime"
2,11.007,7.643
3,38.152,225.078
4,56.5099999999995,5772.28
5,42.3620000000092,101362.908
