"k","SiftingTime","ComputationTime"
2,5.45200000000001,41.748
3,31.0719999999996,3131.858
4,869.178000000016,170717.142
