"k","SiftingTime","ComputationTime"
2,4.392,8.038
3,11.381,190.689
4,99.3430000000007,4154.967
5,258.709999999999,69424.83
