"k","SiftingTime","ComputationTime"
2,13.334,8.346
3,43.243,221.827
4,60.4969999999992,5314.153
5,46.7839999999987,92774.966
