"k","SiftingTime","ComputationTime"
2,4.012,6.848
3,9.90299999999998,167.507
4,45.4500000000002,3639.43
5,81.6600000000026,63989.35
