"k","SiftingTime","ComputationTime"
2,4.151,9.119
3,14.04,232.32
4,96.5089999999999,5017.931
5,253.592999999995,85051.947
