"k","SiftingTime","ComputationTime"
2,4.082,33.038
3,29.7329999999997,2379.287
4,188.297000000015,150263.083
